id,Domaine,Categorie,Sections,Pages,sous-pages,Hook
I.1.1.1,Présentations,🧐,Mon Histoire,Prise d’élan,,
I.1.1.2,Présentations,🧐,Mon Histoire,Décollage,,
I.1.1.3,Présentations,🧐,Mon Histoire,Le Mythe d’Icare,,
I.1.1.4,Présentations,🧐,Mon Histoire,et du Phoenix,,
I.1.2.1.1,Présentations,🧐,Mes Opinions,Numérique,Métiers,
I.1.2.1.2,Présentations,🧐,Mes Opinions,Numérique,Compétences,
I.1.2.1.3,Présentations,🧐,Mes Opinions,Numérique,GAFAM,
I.1.2.1.4,Présentations,🧐,Mes Opinions,Numérique,Souveraineté,
I.1.2.2.1,Présentations,🧐,Mes Opinions,Education,Primaire & Secondaire,
I.1.2.2.2,Présentations,🧐,Mes Opinions,Education,Enseignement Lucratif,
I.1.2.2.3,Présentations,🧐,Mes Opinions,Education,Formation Professionnelle,
I.1.2.2.4,Présentations,🧐,Mes Opinions,Education,Enseignement Superieur,
I.1.2.3.1.1,Présentations,🧐,Mes Opinions,Science,La Méthode Scientifique,Observation / Question
I.1.2.3.1.2,Présentations,🧐,Mes Opinions,Science,La Méthode Scientifique,Research / Hypothesis
I.1.2.3.1.3,Présentations,🧐,Mes Opinions,Science,La Méthode Scientifique,Test w/ Experiment
I.1.2.3.1.4,Présentations,🧐,Mes Opinions,Science,La Méthode Scientifique,Analyse Data
I.1.2.3.2,Présentations,🧐,Mes Opinions,Science,Scientific Publication,
I.1.2.3.3,Présentations,🧐,Mes Opinions,Science,Open Science,
I.1.2.3.4,Présentations,🧐,Mes Opinions,Science,Reproducibility Crisis,
I.1.2.4.1,Présentations,🧐,Mes Opinions,Démocratie,1,
I.1.2.4.2,Présentations,🧐,Mes Opinions,Démocratie,2,
I.1.2.4.3,Présentations,🧐,Mes Opinions,Démocratie,3,
I.1.2.4.4,Présentations,🧐,Mes Opinions,Démocratie,4,
I.1.3.1,Présentations,🧐,Mon Ikigai,je peux être Payé,,
I.1.3.2,Présentations,🧐,Mon Ikigai,je suis Doué,,
I.1.3.3,Présentations,🧐,Mon Ikigai,j’Aime,,
I.1.3.4,Présentations,🧐,Mon Ikigai,le Monde à Besoin,,
I.1.4.1,Présentations,🧐,Ma Methode,Stack,,
I.1.4.2.1,Présentations,🧐,Ma Methode,Workflows,Se Lancer,
I.1.4.2.2,Présentations,🧐,Ma Methode,Workflows,Implémenter,
I.1.4.2.3,Présentations,🧐,Ma Methode,Workflows,Heberger,
I.1.4.2.4,Présentations,🧐,Ma Methode,Workflows,Iterer,
I.1.4.3,Présentations,🧐,Ma Methode,Base de Connaissance,,
I.1.4.4.1,Présentations,🧐,Ma Methode,Intelligences,Artificielle,
I.1.4.4.2,Présentations,🧐,Ma Methode,Intelligences,Humaine,
I.1.4.4.3,Présentations,🧐,Ma Methode,Intelligences,Collective,
I.1.4.4.4,Présentations,🧐,Ma Methode,Intelligences,Environemental,
I.2.1.1,Présentations,🧩,Nom et Valeurs,Web 4.0,,
I.2.1.2,Présentations,🧩,Nom et Valeurs,Planète Apprenante,,
I.2.1.3,Présentations,🧩,Nom et Valeurs,Open-Source,,
I.2.1.4,Présentations,🧩,Nom et Valeurs,Anarchie,,
I.2.2.1,Présentations,🧩,Hypothèses sur le Besoin,Création,,
I.2.2.2,Présentations,🧩,Hypothèses sur le Besoin,Connaissances,,
I.2.2.3,Présentations,🧩,Hypothèses sur le Besoin,Partage,,
I.2.2.4,Présentations,🧩,Hypothèses sur le Besoin,Liens,,
I.2.3.1,Présentations,🧩,Description de l’Offre,Artisanat,,
I.2.3.2,Présentations,🧩,Description de l’Offre,Apprentissages,,
I.2.3.3,Présentations,🧩,Description de l’Offre,Accompagnement,,
I.2.3.4,Présentations,🧩,Description de l’Offre,Assemblage,,
I.2.4.1,Présentations,🧩,Vision Globale,Atelier,,
I.2.4.2,Présentations,🧩,Vision Globale,Academie,,
I.2.4.3,Présentations,🧩,Vision Globale,Alliance,,
I.2.4.4,Présentations,🧩,Vision Globale,Agora,,
I.3.1.1,Présentations,💼,Contexte,Liberte,,
I.3.1.2,Présentations,💼,Contexte,CDUI,,
I.3.1.3,Présentations,💼,Contexte,Environnement,,
I.3.1.4,Présentations,💼,Contexte,Ambitions,,
I.3.2.1,Présentations,💼,Objectifs,Créer,,
I.3.2.2,Présentations,💼,Objectifs,Enseigner,,
I.3.2.3,Présentations,💼,Objectifs,Fédérer,,
I.3.2.4,Présentations,💼,Objectifs,Inspirer,,
I.3.3.1,Présentations,💼,Contraintes,Structure,,
I.3.3.2,Présentations,💼,Contraintes,Statuts,,
I.3.3.3,Présentations,💼,Contraintes,Délais,,
I.3.3.4,Présentations,💼,Contraintes,Budgets,,
I.3.4.1,Présentations,💼,Outils,Faire,,
I.3.4.2,Présentations,💼,Outils,Apprendre,,
I.3.4.3,Présentations,💼,Outils,Organiser,,
I.3.4.4,Présentations,💼,Outils,Communiquer,,
I.4.1.1,Présentations,📦,Listes,Figures,,
I.4.1.2.1,Présentations,📦,Listes,Dropdown,Comment j’ai fait,
I.4.1.2.2,Présentations,📦,Listes,Dropdown,Reflexions,
I.4.1.2.3,Présentations,📦,Listes,Dropdown,En Savoir Plus,
I.4.1.2.4,Présentations,📦,Listes,Dropdown,Usage IA,
I.4.1.3,Présentations,📦,Listes,Iframe,,
I.4.2.1,Présentations,📦,Glossaire,Acronymes,,
I.4.2.2,Présentations,📦,Glossaire,Definitions fr,,
I.4.2.3,Présentations,📦,Glossaire,Definitions en,,
I.4.3,Présentations,📦,Bibliography,,,
I.4.4.1,Présentations,📦,Versions,Version Alpha (en cours),,
II.1.1.1,Analyse,💰,Note & PKM Apps,Exploration,,
II.1.1.2,Analyse,💰,Note & PKM Apps,Proposition de Valeure,,
II.1.1.3,Analyse,💰,Note & PKM Apps,SWOT,,
II.1.1.4,Analyse,💰,Note & PKM Apps,Business Model,,
II.1.2.1,Analyse,💰,Formation & EdTech,Exploration,,
II.1.2.2,Analyse,💰,Formation & EdTech,Proposition de Valeure,,
II.1.2.3,Analyse,💰,Formation & EdTech,SWOT,,
II.1.2.4,Analyse,💰,Formation & EdTech,Business Model,,
II.1.3.1,Analyse,💰,FAIR Publishing,Exploration,,
II.1.3.2,Analyse,💰,FAIR Publishing,Proposition de Valeure,,
II.1.3.3,Analyse,💰,FAIR Publishing,SWOT,,
II.1.3.4,Analyse,💰,FAIR Publishing,Business Model,,
II.1.4.1,Analyse,💰,Économie de l’Attention,Exploration,,
II.1.4.2,Analyse,💰,Économie de l’Attention,Proposition de Valeure,,
II.1.4.3,Analyse,💰,Économie de l’Attention,SWOT,,
II.1.4.4,Analyse,💰,Économie de l’Attention,Business Model,,
II.2.1.1,Analyse,📂,Créative & Technologique,Objectifs,,
II.2.1.2,Analyse,📂,Créative & Technologique,Stockage,,
II.2.1.3,Analyse,📂,Créative & Technologique,Traitement,,
II.2.1.4,Analyse,📂,Créative & Technologique,Partage,,
II.2.2.1,Analyse,📂,Informationnelle et Scientifique,Objectifs,,
II.2.2.2,Analyse,📂,Informationnelle et Scientifique,Stockage,,
II.2.2.3,Analyse,📂,Informationnelle et Scientifique,Traitement,,
II.2.2.4,Analyse,📂,Informationnelle et Scientifique,Partage,,
II.2.3.1,Analyse,📂,Legal & Institutionelle,Objectifs,,
II.2.3.2,Analyse,📂,Legal & Institutionelle,Stockage,,
II.2.3.3,Analyse,📂,Legal & Institutionelle,Traitement,,
II.2.3.4,Analyse,📂,Legal & Institutionelle,Partage,,
II.2.4.1,Analyse,📂,Concurrentielle & Stratégique,Objectifs,,
II.2.4.2,Analyse,📂,Concurrentielle & Stratégique,Stockage,,
II.2.4.3,Analyse,📂,Concurrentielle & Stratégique,Traitement,,
II.2.4.4,Analyse,📂,Concurrentielle & Stratégique,Partage,,
II.3.1.1,Analyse,❤️,Méthodes,Source,,
II.3.1.2,Analyse,❤️,Méthodes,Enquêtes,,
II.3.1.3,Analyse,❤️,Méthodes,Formulaire,,
II.3.1.4,Analyse,❤️,Méthodes,Interviews,,
II.3.2.1,Analyse,❤️,Cibles,Coeur de Cible,,
II.3.2.2,Analyse,❤️,Cibles,Cible Principale,,
II.3.2.3,Analyse,❤️,Cibles,Cibles Secondaires,,
II.3.2.4,Analyse,❤️,Cibles,Cibles Relais,,
II.3.3.1,Analyse,❤️,Personas,Persona 1,,
II.3.3.2,Analyse,❤️,Personas,Persona 2,,
II.3.3.3,Analyse,❤️,Personas,Persona 3,,
II.3.3.4,Analyse,❤️,Personas,Persona 4,,
II.3.4.1,Analyse,❤️,La Communauté,Artistes,,
II.3.4.2,Analyse,❤️,La Communauté,Educateurs,,
II.3.4.3,Analyse,❤️,La Communauté,Scientifiques,,
II.3.4.4,Analyse,❤️,La Communauté,Miltante,,
II.4.1.1,Analyse,🤩,Digital (UI / UX),Posthog,,
II.4.2,Analyse,🤩,Learning Experience,,,
II.4.3,Analyse,🤩,Technologique,,,
II.4.4.1,Analyse,🤩,Concurrentiel,Obsidian,,
II.4.4.2,Analyse,🤩,Concurrentiel,Curvenote,,
III.1.1.1.1,Identitée,🎯,ADN,Nucleotides,Art,
III.1.1.1.2,Identitée,🎯,ADN,Nucleotides,Transmission,
III.1.1.1.3,Identitée,🎯,ADN,Nucleotides,Construction,
III.1.1.1.4,Identitée,🎯,ADN,Nucleotides,Gestion,
III.1.1.2.1,Identitée,🎯,ADN,Code Source,Intention,
III.1.1.2.2,Identitée,🎯,ADN,Code Source,Innovation,
III.1.1.2.3,Identitée,🎯,ADN,Code Source,Temporalité,
III.1.1.2.4,Identitée,🎯,ADN,Code Source,Ethique,
III.1.1.3.1,Identitée,🎯,ADN,Phénotype Créatif,Esthétique,
III.1.1.3.2,Identitée,🎯,ADN,Phénotype Créatif,Experimentations,
III.1.1.3.3,Identitée,🎯,ADN,Phénotype Créatif,Langage,
III.1.1.3.4,Identitée,🎯,ADN,Phénotype Créatif,Ecosystème,
III.1.1.4,Identitée,🎯,ADN,Dynamiques Evolutives,,
,Identitée,🎯,Positionement,,,
,Identitée,🎯,Personalité,,,
,Identitée,🎯,Experience,,,
,Identitée,💥,Idéation,,,
,Identitée,💥,Logo,,,
,Identitée,💥,Palette de Couleurs,,,
,Identitée,💥,Typographies,,,
,Identitée,🖌️,,,,
,Identitée,🖌️,,,,
,Identitée,🖌️,,,,
,Identitée,🖌️,,,,
,Identitée,🖼️,,,,
,Identitée,🖼️,,,,
,Identitée,🖼️,,,,
,Identitée,🖼️,,,,
,Conception,🏃,,,,
,Conception,🏃,,,,
,Conception,🏃,,,,
,Conception,🏃,,,,
,Conception,📐,,,,
,Conception,📐,,,,
,Conception,📐,,,,
,Conception,📐,,,,
,Conception,📱,,,,
,Conception,📱,,,,
,Conception,📱,,,,
,Conception,📱,,,,
,Conception,⚡,,,,
,Conception,⚡,,,,
,Conception,⚡,,,,
,Conception,⚡,,,,
,Dévelopement,🖥️,,,,
,Dévelopement,🖥️,,,,
,Dévelopement,🖥️,,,,
,Dévelopement,🖥️,,,,
,Dévelopement,💫,,,,
,Dévelopement,💫,,,,
,Dévelopement,💫,,,,
,Dévelopement,💫,,,,
,Dévelopement,🎓,,,,
,Dévelopement,🎓,,,,
,Dévelopement,🎓,,,,
,Dévelopement,🎓,,,,
,Dévelopement,🏋,,,,
,Dévelopement,🏋,,,,
,Dévelopement,🏋,,,,
,Dévelopement,🏋,,,,
,Marketing,🎥,,,,
,Marketing,🎥,,,,
,Marketing,🎥,,,,
,Marketing,🎥,,,,
,Marketing,🏆,,,,
,Marketing,🏆,,,,
,Marketing,🏆,,,,
,Marketing,🏆,,,,
,Marketing,💑,,,,
,Marketing,💑,,,,
,Marketing,💑,,,,
,Marketing,💑,,,,
,Marketing,📨,,,,
,Marketing,📨,,,,
,Marketing,📨,,,,
,Marketing,📨,,,,
